repository_name,date,clones,unique
LD-Cool-P,2021-05-12,19,4
LD-Cool-P,2021-05-25,30,8
LD-Cool-P,2021-05-27,1,1
LD-Cool-P,2021-06-02,30,8
LD-Cool-P,2021-06-03,27,7
LD-Cool-P,2021-06-06,1,1
LD-Cool-P,2021-06-07,20,6
LD-Cool-P,2021-06-09,18,6
LD-Cool-P,2021-06-10,33,11
LD-Cool-P,2021-06-11,1,1
LD-Cool-P,2021-06-16,3,1
LD-Cool-P,2021-06-22,44,8
LD-Cool-P,2021-06-23,28,7
LD-Cool-P,2021-06-24,44,11
LD-Cool-P,2021-06-28,31,10
LD-Cool-P,2021-06-29,39,11
LD-Cool-P,2021-06-30,7,2
LD-Cool-P,2021-07-01,20,9
LD-Cool-P,2021-07-02,8,3
LD-Cool-P,2021-07-03,1,1
LD-Cool-P,2021-07-06,23,9
LD-Cool-P,2021-07-07,42,11
LD-Cool-P,2021-07-08,30,6
LD-Cool-P,2021-07-09,28,8
LD-Cool-P,2021-07-12,1,1
LD-Cool-P,2021-07-15,21,4
LD-Cool-P,2021-07-19,31,10
LD-Cool-P,2021-07-22,28,3
LD-Cool-P,2021-07-24,1,1
LD-Cool-P,2021-07-26,6,1
LD-Cool-P,2021-08-06,1,1
LD-Cool-P,2021-08-09,2,1
LD-Cool-P,2021-08-24,1,1
LD-Cool-P,2021-08-25,1,1
LD-Cool-P,2021-08-27,1,1
LD-Cool-P,2021-09-05,1,1
LD-Cool-P,2021-09-07,1,1
LD-Cool-P,2021-09-09,1,1
LD-Cool-P,2021-09-15,1,1
LD-Cool-P,2021-09-17,1,1
LD-Cool-P,2021-09-18,1,1
LD-Cool-P,2021-09-20,1,1
LD-Cool-P,2021-09-23,1,1
LD-Cool-P,2021-09-26,1,1
LD-Cool-P,2021-09-27,1,1
LD-Cool-P,2021-09-28,1,1
LD-Cool-P,2021-10-10,1,1
LD-Cool-P,2021-10-11,1,1
LD-Cool-P,2021-10-15,1,1
LD-Cool-P,2021-10-20,3,1
LD-Cool-P,2021-10-21,11,2
LD-Cool-P,2021-10-22,3,1
LD-Cool-P,2021-10-27,2,1
LD-Cool-P,2021-11-13,1,1
LD-Cool-P,2021-11-21,1,1
LD-Cool-P,2021-11-24,1,1
LD-Cool-P,2021-11-26,1,1
LD-Cool-P,2021-11-28,1,1
LD-Cool-P,2021-12-09,2,2
LD-Cool-P,2021-12-13,1,1
LD-Cool-P,2021-12-21,1,1
LD-Cool-P,2022-01-15,2,1
LD-Cool-P,2022-01-16,2,1
LD-Cool-P,2022-01-18,2,1
LD-Cool-P,2022-01-20,2,1
LD-Cool-P,2022-01-25,2,1
LD-Cool-P,2022-01-26,1,1
LD-Cool-P,2022-01-29,1,1
LD-Cool-P,2022-02-15,2,2
LD-Cool-P,2022-03-03,1,1
LD-Cool-P,2022-03-04,1,1
LD-Cool-P,2022-03-07,2,1
LD-Cool-P,2022-03-14,2,1
LD-Cool-P,2022-03-16,2,1
LD-Cool-P,2022-03-25,2,1
LD-Cool-P,2022-03-31,79,13
LD-Cool-P,2022-04-04,1,1
LD-Cool-P,2022-04-21,1,1
LD-Cool-P,2022-04-22,4,2
LD-Cool-P,2022-04-24,2,1
LD-Cool-P,2022-04-29,14,2
LD-Cool-P,2022-05-01,2,1
LD-Cool-P,2022-05-05,2,1
LD-Cool-P,2022-05-06,13,4
LD-Cool-P,2022-05-09,3,3
LD-Cool-P,2022-05-11,2,1
LD-Cool-P,2022-05-16,1,1
LD-Cool-P,2022-06-03,1,1
LD-Cool-P,2022-06-06,1,1
LD-Cool-P,2022-06-15,2,1
LD-Cool-P,2022-06-22,1,1
LD-Cool-P,2022-06-26,1,1
LD-Cool-P,2022-06-30,1,1
LD-Cool-P,2022-07-07,2,1
LD-Cool-P,2022-07-09,1,1
LD-Cool-P,2022-07-12,1,1
LD-Cool-P,2022-07-15,1,1
LD-Cool-P,2022-07-20,2,1
LD-Cool-P,2022-07-23,1,1
LD-Cool-P,2022-07-29,2,1
LD-Cool-P,2022-08-02,1,1
LD-Cool-P,2022-08-04,1,1
LD-Cool-P,2022-08-05,1,1
LD-Cool-P,2022-08-09,1,1
LD-Cool-P,2022-08-12,2,1
LD-Cool-P,2022-08-13,2,1
LD-Cool-P,2022-08-22,1,1
LD-Cool-P,2022-08-23,1,1
LD-Cool-P,2022-08-26,2,1
LD-Cool-P,2022-09-06,1,1
LD-Cool-P,2022-09-07,1,1
LD-Cool-P,2022-09-17,2,1
LD-Cool-P,2022-09-19,1,1
LD-Cool-P,2022-10-21,1,1
LD-Cool-P,2022-10-22,1,1
LD-Cool-P,2022-10-25,2,1
LD-Cool-P,2022-11-02,2,1
LD-Cool-P,2022-11-08,2,1
LD-Cool-P,2022-11-12,2,2
LD-Cool-P,2022-11-17,1,1
ReBACH,2021-03-15,1,1
ReBACH,2021-03-17,1,1
ReBACH,2021-03-20,1,1
ReBACH,2021-06-28,3,3
ReBACH,2021-07-01,4,4
ReBACH,2021-07-03,1,1
ReBACH,2021-07-07,1,1
ReBACH,2021-08-21,1,1
ReBACH,2021-09-03,1,1
ReBACH,2021-09-22,1,1
ReBACH,2021-10-21,5,1
ReBACH,2021-10-28,2,1
ReBACH,2021-11-24,1,1
ReBACH,2021-11-26,1,1
ReBACH,2022-01-17,2,1
ReBACH,2022-01-25,2,1
ReBACH,2022-02-12,1,1
ReBACH,2022-03-22,14,8
ReBACH,2022-03-25,10,5
ReBACH,2022-03-26,1,1
ReBACH,2022-03-29,7,4
ReBACH,2022-03-30,6,3
ReBACH,2022-04-03,2,1
ReBACH,2022-04-04,1,1
ReBACH,2022-04-13,4,3
ReBACH,2022-04-20,1,1
ReBACH,2022-04-27,2,1
ReBACH,2022-05-02,1,1
ReBACH,2022-05-04,2,1
ReBACH,2022-06-14,1,1
ReBACH,2022-06-15,2,1
ReBACH,2022-06-26,1,1
ReBACH,2022-07-07,2,1
ReBACH,2022-07-08,2,2
ReBACH,2022-07-12,1,1
ReBACH,2022-07-19,2,1
ReBACH,2022-07-20,2,1
ReBACH,2022-07-21,4,3
ReBACH,2022-07-22,1,1
ReBACH,2022-07-30,1,1
ReBACH,2022-07-31,1,1
ReBACH,2022-08-01,1,1
ReBACH,2022-08-03,1,1
ReBACH,2022-08-08,2,2
ReBACH,2022-08-12,2,1
ReBACH,2022-08-13,2,1
ReBACH,2022-08-17,1,1
ReBACH,2022-08-25,2,2
ReBACH,2022-08-30,2,2
ReBACH,2022-08-31,2,2
ReBACH,2022-09-02,4,2
ReBACH,2022-09-12,3,1
ReBACH,2022-09-13,1,1
ReBACH,2022-09-16,1,1
ReBACH,2022-09-17,2,1
ReBACH,2022-09-19,1,1
ReBACH,2022-09-21,2,2
ReBACH,2022-09-29,1,1
ReBACH,2022-10-04,4,2
ReBACH,2022-10-05,1,1
ReBACH,2022-10-07,1,1
ReBACH,2022-10-11,11,4
ReBACH,2022-10-14,1,1
ReBACH,2022-10-18,1,1
ReBACH,2022-10-20,2,1
ReBACH,2022-10-21,1,1
ReBACH,2022-10-22,1,1
ReBACH,2022-10-25,1,1
ReBACH,2022-10-26,2,1
ReBACH,2022-11-01,1,1
ReBACH,2022-11-03,1,1
ReBACH,2022-11-07,1,1
ReBACH,2022-11-08,5,2
ReBACH,2022-11-09,3,3
ReBACH,2022-11-10,5,4
ReBACH,2022-11-14,1,1
ReBACH,2022-11-18,1,1
ReM,2021-03-01,1,1
ReM,2021-03-04,7,2
ReM,2021-03-08,7,2
ReM,2021-03-09,17,3
ReM,2021-03-10,11,3
ReM,2021-03-15,15,5
ReM,2021-03-16,17,2
ReM,2021-03-17,6,4
ReM,2021-03-22,7,2
ReM,2021-03-24,6,4
ReM,2021-03-25,4,2
ReM,2021-03-26,9,1
ReM,2021-03-30,14,4
ReM,2021-04-01,7,2
ReM,2021-04-05,1,1
ReM,2021-04-18,1,1
ReM,2021-04-19,12,1
ReM,2021-04-20,1,1
ReM,2021-04-21,1,1
ReM,2021-04-28,24,4
ReM,2021-04-29,14,3
ReM,2021-04-30,17,7
ReM,2021-05-01,1,1
ReM,2021-05-06,25,2
ReM,2021-05-08,2,2
ReM,2021-05-09,1,1
ReM,2021-05-10,13,2
ReM,2021-05-11,20,3
ReM,2021-05-12,8,3
ReM,2021-05-13,48,5
ReM,2021-05-15,1,1
ReM,2021-05-17,2,2
ReM,2021-05-18,1,1
ReM,2021-05-26,1,1
ReM,2021-05-28,1,1
ReM,2021-06-01,1,1
ReM,2021-06-08,13,2
ReM,2021-06-09,19,2
ReM,2021-06-15,1,1
ReM,2021-06-18,1,1
ReM,2021-06-28,11,3
ReM,2021-07-01,7,5
ReM,2021-07-03,1,1
ReM,2021-07-12,1,1
ReM,2021-07-23,2,2
ReM,2021-07-26,6,1
ReM,2021-08-21,1,1
ReM,2021-08-23,1,1
ReM,2021-08-24,1,1
ReM,2021-08-25,2,1
ReM,2021-08-26,1,1
ReM,2021-09-01,1,1
ReM,2021-09-05,1,1
ReM,2021-09-07,1,1
ReM,2021-09-09,1,1
ReM,2021-09-10,1,1
ReM,2021-09-13,1,1
ReM,2021-09-18,1,1
ReM,2021-09-24,1,1
ReM,2021-09-30,1,1
ReM,2021-10-06,1,1
ReM,2021-10-10,1,1
ReM,2021-10-16,1,1
ReM,2021-10-21,9,2
ReM,2021-11-01,1,1
ReM,2021-11-13,1,1
ReM,2021-11-17,1,1
ReM,2021-11-26,2,2
ReM,2021-11-29,1,1
ReM,2021-12-08,2,1
ReM,2021-12-09,1,1
ReM,2021-12-10,1,1
ReM,2021-12-13,1,1
ReM,2021-12-22,1,1
ReM,2022-01-01,2,1
ReM,2022-01-07,1,1
ReM,2022-01-18,2,1
ReM,2022-01-20,2,1
ReM,2022-01-25,2,1
ReM,2022-02-12,1,1
ReM,2022-03-03,1,1
ReQUIAM,2021-03-20,1,1
ReQUIAM,2021-03-25,9,1
ReQUIAM,2021-04-02,52,6
ReQUIAM,2021-04-03,1,1
ReQUIAM,2021-04-12,17,3
ReQUIAM,2021-04-14,19,3
ReQUIAM,2021-04-15,1,1
ReQUIAM,2021-04-19,16,2
ReQUIAM,2021-04-20,31,8
ReQUIAM,2021-04-22,14,3
ReQUIAM,2021-04-26,46,6
ReQUIAM,2021-04-27,35,6
ReQUIAM,2021-05-13,1,1
ReQUIAM,2021-05-21,1,1
ReQUIAM,2021-06-03,2,2
ReQUIAM,2021-06-11,1,1
ReQUIAM,2021-06-28,7,2
ReQUIAM,2021-07-01,8,6
ReQUIAM,2021-07-03,1,1
ReQUIAM,2021-07-07,3,3
ReQUIAM,2021-07-09,1,1
ReQUIAM,2021-07-10,1,1
ReQUIAM,2021-07-12,1,1
ReQUIAM,2021-07-15,7,2
ReQUIAM,2021-07-17,1,1
ReQUIAM,2021-07-20,96,12
ReQUIAM,2021-07-21,68,11
ReQUIAM,2021-07-22,76,16
ReQUIAM,2021-07-23,1,1
ReQUIAM,2021-07-24,1,1
ReQUIAM,2021-07-28,21,6
ReQUIAM,2021-08-05,1,1
ReQUIAM,2021-08-06,1,1
ReQUIAM,2021-08-09,1,1
ReQUIAM,2021-08-24,1,1
ReQUIAM,2021-08-25,1,1
ReQUIAM,2021-08-27,1,1
ReQUIAM,2021-08-31,1,1
ReQUIAM,2021-09-23,12,8
ReQUIAM,2021-09-24,7,3
ReQUIAM,2021-09-27,3,2
ReQUIAM,2021-10-05,1,1
ReQUIAM,2021-10-17,1,1
ReQUIAM,2021-10-20,2,1
ReQUIAM,2021-10-21,9,2
ReQUIAM,2021-10-22,11,2
ReQUIAM,2021-10-24,2,1
ReQUIAM,2021-10-28,2,1
ReQUIAM,2021-11-20,1,1
ReQUIAM,2021-11-21,1,1
ReQUIAM,2021-11-23,1,1
ReQUIAM,2021-11-27,1,1
ReQUIAM,2021-12-01,1,1
ReQUIAM,2021-12-15,1,1
ReQUIAM,2022-01-06,2,1
ReQUIAM,2022-01-07,1,1
ReQUIAM,2022-01-16,2,1
ReQUIAM,2022-01-18,2,1
ReQUIAM,2022-01-22,1,1
ReQUIAM,2022-01-25,5,4
ReQUIAM,2022-01-26,2,1
ReQUIAM,2022-01-29,2,1
ReQUIAM,2022-01-30,1,1
ReQUIAM,2022-02-06,1,1
ReQUIAM,2022-02-15,3,3
ReQUIAM,2022-02-17,1,1
ReQUIAM,2022-03-04,1,1
ReQUIAM,2022-03-15,2,1
ReQUIAM,2022-03-16,2,1
ReQUIAM,2022-04-02,1,1
ReQUIAM,2022-04-03,1,1
ReQUIAM,2022-04-05,1,1
ReQUIAM,2022-04-06,1,1
ReQUIAM,2022-04-09,1,1
ReQUIAM,2022-04-11,3,2
ReQUIAM,2022-04-24,3,2
ReQUIAM,2022-04-25,1,1
ReQUIAM,2022-04-27,7,4
ReQUIAM,2022-05-03,1,1
ReQUIAM,2022-05-12,1,1
ReQUIAM,2022-06-03,2,1
ReQUIAM,2022-06-13,1,1
ReQUIAM,2022-06-15,2,1
ReQUIAM,2022-06-16,2,1
ReQUIAM,2022-06-17,8,4
ReQUIAM,2022-06-20,3,2
ReQUIAM,2022-06-21,2,1
ReQUIAM,2022-06-22,6,1
ReQUIAM,2022-06-23,2,1
ReQUIAM,2022-06-24,1,1
ReQUIAM,2022-06-26,2,2
ReQUIAM,2022-06-27,53,4
ReQUIAM,2022-06-28,11,5
ReQUIAM,2022-06-29,7,4
ReQUIAM,2022-06-30,2,2
ReQUIAM,2022-07-01,2,2
ReQUIAM,2022-07-02,4,3
ReQUIAM,2022-07-05,10,4
ReQUIAM,2022-07-06,18,5
ReQUIAM,2022-07-08,35,8
ReQUIAM,2022-07-11,1,1
ReQUIAM,2022-07-12,46,17
ReQUIAM,2022-07-14,2,1
ReQUIAM,2022-07-18,29,10
ReQUIAM,2022-07-19,8,4
ReQUIAM,2022-07-20,2,2
ReQUIAM,2022-07-27,1,1
ReQUIAM,2022-07-30,3,2
ReQUIAM,2022-08-01,1,1
ReQUIAM,2022-08-03,1,1
ReQUIAM,2022-08-08,1,1
ReQUIAM,2022-08-09,2,2
ReQUIAM,2022-08-12,1,1
ReQUIAM,2022-08-13,2,1
ReQUIAM,2022-09-03,1,1
ReQUIAM,2022-09-17,2,1
ReQUIAM,2022-09-23,1,1
ReQUIAM,2022-10-21,2,2
ReQUIAM,2022-10-25,1,1
ReQUIAM,2022-10-26,2,1
ReQUIAM,2022-10-29,1,1
ReQUIAM,2022-10-30,1,1
ReQUIAM,2022-11-04,1,1
ReQUIAM,2022-11-08,2,1
ReQUIAM,2022-11-13,1,1
ReQUIAM,2022-11-19,2,2
ReQUIAM_csv,2021-03-01,3,2
ReQUIAM_csv,2021-03-02,12,6
ReQUIAM_csv,2021-03-03,9,5
ReQUIAM_csv,2021-03-04,69,9
ReQUIAM_csv,2021-03-05,6,3
ReQUIAM_csv,2021-03-07,1,1
ReQUIAM_csv,2021-03-09,4,1
ReQUIAM_csv,2021-03-11,10,3
ReQUIAM_csv,2021-03-15,29,11
ReQUIAM_csv,2021-03-17,1,1
ReQUIAM_csv,2021-03-27,1,1
ReQUIAM_csv,2021-04-04,1,1
ReQUIAM_csv,2021-04-07,15,4
ReQUIAM_csv,2021-04-19,17,3
ReQUIAM_csv,2021-04-20,8,5
ReQUIAM_csv,2021-04-21,1,1
ReQUIAM_csv,2021-05-08,1,1
ReQUIAM_csv,2021-05-11,1,1
ReQUIAM_csv,2021-05-25,1,1
ReQUIAM_csv,2021-06-03,1,1
ReQUIAM_csv,2021-06-28,10,3
ReQUIAM_csv,2021-07-01,36,12
ReQUIAM_csv,2021-07-03,1,1
ReQUIAM_csv,2021-07-07,8,8
ReQUIAM_csv,2021-07-09,1,1
ReQUIAM_csv,2021-07-12,1,1
ReQUIAM_csv,2021-07-16,1,1
ReQUIAM_csv,2021-07-19,57,14
ReQUIAM_csv,2021-07-22,2,1
ReQUIAM_csv,2021-07-24,1,1
ReQUIAM_csv,2021-08-10,1,1
ReQUIAM_csv,2021-08-23,1,1
ReQUIAM_csv,2021-08-24,6,1
ReQUIAM_csv,2021-08-25,1,1
ReQUIAM_csv,2021-08-27,1,1
ReQUIAM_csv,2021-09-27,1,1
ReQUIAM_csv,2021-10-10,1,1
ReQUIAM_csv,2021-10-13,1,1
ReQUIAM_csv,2021-10-14,1,1
ReQUIAM_csv,2021-10-17,1,1
ReQUIAM_csv,2021-10-20,4,1
ReQUIAM_csv,2021-10-21,10,2
ReQUIAM_csv,2021-10-22,7,2
ReQUIAM_csv,2021-10-24,2,1
ReQUIAM_csv,2021-11-01,1,1
ReQUIAM_csv,2021-11-02,1,1
ReQUIAM_csv,2021-11-03,5,2
ReQUIAM_csv,2021-11-07,1,1
ReQUIAM_csv,2021-11-08,5,2
ReQUIAM_csv,2021-11-09,4,1
ReQUIAM_csv,2021-11-10,11,6
ReQUIAM_csv,2021-11-16,1,1
ReQUIAM_csv,2021-11-21,1,1
ReQUIAM_csv,2021-11-25,1,1
ReQUIAM_csv,2021-11-26,1,1
ReQUIAM_csv,2021-11-28,1,1
ReQUIAM_csv,2021-12-09,1,1
ReQUIAM_csv,2021-12-10,1,1
ReQUIAM_csv,2022-01-02,2,1
ReQUIAM_csv,2022-01-06,2,1
ReQUIAM_csv,2022-01-07,1,1
ReQUIAM_csv,2022-01-15,1,1
ReQUIAM_csv,2022-01-18,2,1
ReQUIAM_csv,2022-01-25,2,1
ReQUIAM_csv,2022-01-26,1,1
ReQUIAM_csv,2022-01-29,2,1
ReQUIAM_csv,2022-02-14,1,1
ReQUIAM_csv,2022-02-15,1,1
ReQUIAM_csv,2022-03-04,2,2
ReQUIAM_csv,2022-03-16,4,2
ReQUIAM_csv,2022-03-17,4,2
ReQUIAM_csv,2022-03-22,2,1
ReQUIAM_csv,2022-03-25,4,2
ReQUIAM_csv,2022-03-31,2,1
ReQUIAM_csv,2022-04-03,1,1
ReQUIAM_csv,2022-04-07,1,1
ReQUIAM_csv,2022-04-20,2,1
ReQUIAM_csv,2022-04-21,2,1
ReQUIAM_csv,2022-04-22,2,1
ReQUIAM_csv,2022-04-23,2,1
ReQUIAM_csv,2022-04-24,1,1
ReQUIAM_csv,2022-04-25,2,1
ReQUIAM_csv,2022-04-27,2,1
ReQUIAM_csv,2022-04-29,4,2
ReQUIAM_csv,2022-05-03,2,1
ReQUIAM_csv,2022-05-16,1,1
ReQUIAM_csv,2022-06-07,1,1
ReQUIAM_csv,2022-06-13,1,1
ReQUIAM_csv,2022-06-15,2,1
ReQUIAM_csv,2022-06-21,2,2
ReQUIAM_csv,2022-06-27,8,6
ReQUIAM_csv,2022-06-28,2,2
ReQUIAM_csv,2022-07-07,1,1
ReQUIAM_csv,2022-07-12,2,2
ReQUIAM_csv,2022-07-13,5,2
ReQUIAM_csv,2022-07-14,37,10
ReQUIAM_csv,2022-07-15,8,3
ReQUIAM_csv,2022-07-20,2,2
ReQUIAM_csv,2022-07-23,1,1
ReQUIAM_csv,2022-08-02,1,1
ReQUIAM_csv,2022-08-03,1,1
ReQUIAM_csv,2022-08-08,2,2
ReQUIAM_csv,2022-08-09,12,7
ReQUIAM_csv,2022-08-12,1,1
ReQUIAM_csv,2022-08-13,2,1
ReQUIAM_csv,2022-08-16,5,3
ReQUIAM_csv,2022-08-22,1,1
ReQUIAM_csv,2022-09-15,1,1
ReQUIAM_csv,2022-09-17,3,2
ReQUIAM_csv,2022-09-22,1,1
ReQUIAM_csv,2022-09-28,1,1
ReQUIAM_csv,2022-10-21,1,1
ReQUIAM_csv,2022-10-22,1,1
ReQUIAM_csv,2022-10-25,1,1
ReQUIAM_csv,2022-10-26,2,1
ReQUIAM_csv,2022-11-02,1,1
ReQUIAM_csv,2022-11-05,1,1
ReQUIAM_csv,2022-11-08,2,1
ReQUIAM_csv,2022-11-10,2,1
ReQUIAM_csv,2022-11-13,2,2
ReQUIAM_csv,2022-11-14,2,2
ReQUIAM_csv,2022-11-15,1,1
UAL-RE,2021-04-26,8,5
UAL-RE,2021-05-13,1,1
UAL-RE,2021-07-01,3,3
UAL-RE,2021-07-03,1,1
UAL-RE,2021-07-12,1,1
UAL-RE,2021-08-21,1,1
UAL-RE,2021-09-05,1,1
UAL-RE,2021-10-20,3,1
UAL-RE,2021-10-21,5,1
UAL-RE,2021-10-22,8,2
UAL-RE,2021-11-01,1,1
UAL-RE,2021-11-05,1,1
UAL-RE,2021-11-08,1,1
UAL-RE,2022-01-07,1,1
UAL-RE,2022-01-14,2,1
UAL-RE,2022-01-19,2,1
UAL-RE,2022-01-25,2,1
UAL-RE,2022-02-18,1,1
UAL-RE,2022-03-04,1,1
UAL-RE,2022-04-07,2,1
UAL-RE,2022-05-18,2,1
UAL-RE,2022-07-25,1,1
UAL-RE,2022-08-05,1,1
UAL-RE,2022-08-09,1,1
UAL-RE,2022-10-21,1,1
UAL-RE,2022-10-25,1,1
UAL-RE,2022-11-12,1,1
UAL-RE,2022-11-16,1,1
data-service-landscape-scan,2021-02-28,1,1
data-service-landscape-scan,2021-03-16,1,1
data-service-landscape-scan,2021-04-01,1,1
data-service-landscape-scan,2021-04-02,3,1
data-service-landscape-scan,2021-04-14,1,1
data-service-landscape-scan,2021-04-20,1,1
data-service-landscape-scan,2021-04-28,1,1
data-service-landscape-scan,2021-05-12,1,1
data-service-landscape-scan,2021-05-13,1,1
data-service-landscape-scan,2021-05-17,3,3
data-service-landscape-scan,2021-05-20,1,1
data-service-landscape-scan,2021-05-24,1,1
data-service-landscape-scan,2021-05-26,1,1
data-service-landscape-scan,2021-05-28,2,2
data-service-landscape-scan,2021-05-31,1,1
data-service-landscape-scan,2021-06-02,1,1
data-service-landscape-scan,2021-06-03,1,1
data-service-landscape-scan,2021-06-08,1,1
data-service-landscape-scan,2021-07-01,1,1
data-service-landscape-scan,2021-07-02,1,1
data-service-landscape-scan,2021-07-03,2,2
data-service-landscape-scan,2021-07-06,2,2
data-service-landscape-scan,2021-07-08,1,1
data-service-landscape-scan,2021-07-12,1,1
data-service-landscape-scan,2021-07-13,1,1
data-service-landscape-scan,2021-07-19,1,1
data-service-landscape-scan,2021-07-20,1,1
data-service-landscape-scan,2021-07-30,3,3
data-service-landscape-scan,2021-08-04,2,2
data-service-landscape-scan,2021-08-12,1,1
data-service-landscape-scan,2021-08-14,1,1
data-service-landscape-scan,2021-08-15,1,1
data-service-landscape-scan,2021-08-16,4,4
data-service-landscape-scan,2021-08-20,2,2
data-service-landscape-scan,2021-08-21,1,1
data-service-landscape-scan,2021-08-27,1,1
data-service-landscape-scan,2021-08-28,1,1
data-service-landscape-scan,2021-09-02,3,3
data-service-landscape-scan,2021-09-03,3,3
data-service-landscape-scan,2021-09-05,1,1
data-service-landscape-scan,2021-09-06,1,1
data-service-landscape-scan,2021-09-07,1,1
data-service-landscape-scan,2021-09-15,1,1
data-service-landscape-scan,2021-09-17,1,1
data-service-landscape-scan,2021-09-29,1,1
data-service-landscape-scan,2021-09-30,1,1
data-service-landscape-scan,2021-10-01,1,1
data-service-landscape-scan,2021-10-05,1,1
data-service-landscape-scan,2021-10-06,1,1
data-service-landscape-scan,2021-10-08,1,1
data-service-landscape-scan,2021-10-09,1,1
data-service-landscape-scan,2021-10-14,1,1
data-service-landscape-scan,2021-10-15,1,1
data-service-landscape-scan,2021-10-21,5,1
data-service-landscape-scan,2021-10-28,2,1
data-service-landscape-scan,2021-11-13,1,1
data-service-landscape-scan,2021-11-23,1,1
data-service-landscape-scan,2022-01-07,1,1
data-service-landscape-scan,2022-01-18,2,1
data-service-landscape-scan,2022-01-25,2,1
data-service-landscape-scan,2022-01-26,1,1
data-service-landscape-scan,2022-03-04,1,1
data-service-landscape-scan,2022-03-23,2,1
data-service-landscape-scan,2022-04-22,2,1
data-service-landscape-scan,2022-04-26,1,1
data-service-landscape-scan,2022-05-12,1,1
data-service-landscape-scan,2022-06-17,1,1
data-service-landscape-scan,2022-08-03,1,1
data-service-landscape-scan,2022-08-05,1,1
data-service-landscape-scan,2022-08-08,1,1
data-service-landscape-scan,2022-08-09,6,5
data-service-landscape-scan,2022-08-10,4,3
data-service-landscape-scan,2022-08-16,4,3
data-service-landscape-scan,2022-08-18,1,1
data-service-landscape-scan,2022-08-20,1,1
data-service-landscape-scan,2022-08-25,4,3
data-service-landscape-scan,2022-08-26,1,1
data-service-landscape-scan,2022-09-04,1,1
data-service-landscape-scan,2022-09-07,1,1
data-service-landscape-scan,2022-10-08,2,1
data-service-landscape-scan,2022-10-21,1,1
data-service-landscape-scan,2022-10-22,1,1
data-service-landscape-scan,2022-10-27,3,2
data-viz-challenge,2021-03-02,1,1
data-viz-challenge,2021-03-13,1,1
data-viz-challenge,2021-03-20,1,1
data-viz-challenge,2021-03-29,1,1
data-viz-challenge,2021-04-12,2,2
data-viz-challenge,2021-04-18,1,1
data-viz-challenge,2021-04-20,1,1
data-viz-challenge,2021-05-13,1,1
data-viz-challenge,2021-05-25,1,1
data-viz-challenge,2021-06-03,2,2
data-viz-challenge,2021-06-28,5,5
data-viz-challenge,2021-06-29,4,4
data-viz-challenge,2021-07-01,3,3
data-viz-challenge,2021-07-07,1,1
data-viz-challenge,2021-07-13,1,1
data-viz-challenge,2021-09-19,1,1
data-viz-challenge,2021-10-21,5,1
data-viz-challenge,2021-11-02,1,1
data-viz-challenge,2021-11-06,1,1
data-viz-challenge,2021-12-28,1,1
data-viz-challenge,2022-01-02,2,1
data-viz-challenge,2022-01-19,2,1
data-viz-challenge,2022-01-25,1,1
data-viz-challenge,2022-03-04,1,1
data-viz-challenge,2022-03-22,2,1
data-viz-challenge,2022-04-08,1,1
data-viz-challenge,2022-04-27,1,1
data-viz-challenge,2022-06-20,1,1
data-viz-challenge,2022-08-05,1,1
data-viz-challenge,2022-08-12,1,1
data-viz-challenge,2022-08-25,1,1
data-viz-challenge,2022-09-17,1,1
data-viz-challenge,2022-10-16,1,1
data-viz-challenge,2022-10-21,2,2
data-viz-challenge,2022-11-11,2,1
data-viz-challenge,2022-11-17,1,1
data-viz-evaluations,2021-04-07,3,2
data-viz-evaluations,2021-04-08,3,3
data-viz-evaluations,2021-04-11,1,1
data-viz-evaluations,2021-04-17,1,1
data-viz-evaluations,2021-04-23,1,1
data-viz-evaluations,2021-05-26,2,2
data-viz-evaluations,2021-07-06,3,3
data-viz-evaluations,2021-07-08,1,1
data-viz-evaluations,2021-07-12,1,1
data-viz-evaluations,2021-07-18,2,1
data-viz-evaluations,2021-07-20,1,1
data-viz-evaluations,2021-08-13,1,1
data-viz-evaluations,2021-08-15,1,1
data-viz-evaluations,2021-09-05,1,1
data-viz-evaluations,2021-09-08,1,1
data-viz-evaluations,2021-10-15,1,1
data-viz-evaluations,2021-10-21,8,2
data-viz-evaluations,2021-11-12,1,1
data-viz-evaluations,2022-01-12,2,1
data-viz-evaluations,2022-01-18,2,1
data-viz-evaluations,2022-01-25,2,1
data-viz-evaluations,2022-02-04,1,1
data-viz-evaluations,2022-03-04,1,1
data-viz-evaluations,2022-04-05,4,3
data-viz-evaluations,2022-04-08,1,1
data-viz-evaluations,2022-04-25,2,1
data-viz-evaluations,2022-04-27,2,1
data-viz-evaluations,2022-04-28,3,2
data-viz-evaluations,2022-05-02,1,1
data-viz-evaluations,2022-05-12,1,1
data-viz-evaluations,2022-05-27,2,1
data-viz-evaluations,2022-06-22,1,1
data-viz-evaluations,2022-07-25,1,1
data-viz-evaluations,2022-08-02,1,1
data-viz-evaluations,2022-08-04,1,1
data-viz-evaluations,2022-08-09,1,1
data-viz-evaluations,2022-08-15,1,1
data-viz-evaluations,2022-10-22,1,1
data-viz-evaluations,2022-10-25,1,1
data-viz-evaluations,2022-11-01,1,1
data-viz-evaluations,2022-11-15,1,1
figstats,2021-03-03,2,2
figstats,2021-03-09,3,2
figstats,2021-04-20,1,1
figstats,2021-05-11,1,1
figstats,2021-06-03,1,1
figstats,2021-06-07,1,1
figstats,2021-07-01,1,1
figstats,2021-07-06,2,2
figstats,2021-07-07,1,1
figstats,2021-07-08,1,1
figstats,2021-07-10,1,1
figstats,2021-07-12,1,1
figstats,2021-07-13,1,1
figstats,2021-07-27,1,1
figstats,2021-08-13,1,1
figstats,2021-09-09,1,1
figstats,2021-09-10,1,1
figstats,2021-09-15,2,1
figstats,2021-09-18,1,1
figstats,2021-10-21,9,2
figstats,2021-11-03,1,1
figstats,2021-11-11,1,1
figstats,2021-11-15,1,1
figstats,2022-01-02,2,1
figstats,2022-01-07,1,1
figstats,2022-01-18,2,1
figstats,2022-01-22,1,1
figstats,2022-01-25,2,1
figstats,2022-03-26,2,1
figstats,2022-04-22,2,1
figstats,2022-04-30,2,1
figstats,2022-05-12,2,1
figstats,2022-08-05,1,1
figstats,2022-08-09,1,1
figstats,2022-09-25,1,1
figstats,2022-10-19,1,1
figstats,2022-10-21,1,1
figstats,2022-11-12,1,1
figstats,2022-11-16,1,1
github-stats,2021-04-23,2,2
github-stats,2021-04-24,1,1
github-stats,2021-04-25,1,1
github-stats,2021-04-26,1,1
github-stats,2021-04-27,1,1
github-stats,2021-04-28,6,6
github-stats,2021-04-29,6,6
github-stats,2021-04-30,5,5
github-stats,2021-05-01,6,6
github-stats,2021-05-02,7,7
github-stats,2021-05-03,1,1
github-stats,2021-05-04,5,5
github-stats,2021-05-05,6,6
github-stats,2021-05-06,4,4
github-stats,2021-05-07,1,1
github-stats,2021-05-08,5,5
github-stats,2021-05-09,1,1
github-stats,2021-05-10,1,1
github-stats,2021-05-11,5,5
github-stats,2021-05-12,4,4
github-stats,2021-05-13,2,2
github-stats,2021-05-14,7,7
github-stats,2021-05-15,6,6
github-stats,2021-05-16,6,6
github-stats,2021-05-17,7,7
github-stats,2021-05-18,6,6
github-stats,2021-05-19,6,6
github-stats,2021-05-20,1,1
github-stats,2021-05-21,5,5
github-stats,2021-05-22,1,1
github-stats,2021-05-23,7,6
github-stats,2021-05-24,7,7
github-stats,2021-05-25,5,5
github-stats,2021-05-26,1,1
github-stats,2021-05-27,4,4
github-stats,2021-05-28,7,7
github-stats,2021-05-29,8,7
github-stats,2021-05-30,7,7
github-stats,2021-05-31,7,7
github-stats,2021-06-01,5,5
github-stats,2021-06-02,5,5
github-stats,2021-06-03,7,7
github-stats,2021-06-04,7,6
github-stats,2021-06-05,6,6
github-stats,2021-06-06,5,5
github-stats,2021-06-07,5,5
github-stats,2021-06-08,6,5
github-stats,2021-06-09,4,4
github-stats,2021-06-10,3,3
github-stats,2021-06-11,1,1
github-stats,2021-06-12,5,5
github-stats,2021-06-13,6,6
github-stats,2021-06-14,4,4
github-stats,2021-06-15,4,4
github-stats,2021-06-16,3,3
github-stats,2021-06-17,3,3
github-stats,2021-06-18,4,4
github-stats,2021-06-19,6,6
github-stats,2021-06-20,5,5
github-stats,2021-06-21,4,4
github-stats,2021-06-22,6,5
github-stats,2021-06-23,5,5
github-stats,2021-06-24,5,5
github-stats,2021-06-25,6,6
github-stats,2021-06-26,6,6
github-stats,2021-06-27,1,1
github-stats,2021-06-28,1,1
github-stats,2021-06-29,4,4
github-stats,2021-06-30,5,5
github-stats,2021-07-01,4,4
github-stats,2021-07-02,1,1
github-stats,2021-07-03,1,1
github-stats,2021-07-04,1,1
github-stats,2021-07-05,1,1
github-stats,2021-07-06,1,1
github-stats,2021-07-07,4,4
github-stats,2021-07-08,6,5
github-stats,2021-07-09,6,4
github-stats,2021-07-10,1,1
github-stats,2021-07-11,1,1
github-stats,2021-07-12,1,1
github-stats,2021-07-13,1,1
github-stats,2021-07-14,4,4
github-stats,2021-07-15,4,4
github-stats,2021-07-16,1,1
github-stats,2021-07-17,4,4
github-stats,2021-07-18,4,4
github-stats,2021-07-19,1,1
github-stats,2021-07-20,1,1
github-stats,2021-07-21,1,1
github-stats,2021-07-22,4,4
github-stats,2021-07-23,2,1
github-stats,2021-07-24,4,4
github-stats,2021-07-25,4,4
github-stats,2021-07-26,4,4
github-stats,2021-07-27,4,4
github-stats,2021-07-28,4,4
github-stats,2021-07-29,4,4
github-stats,2021-07-30,5,5
github-stats,2021-07-31,4,4
github-stats,2021-08-01,4,4
github-stats,2021-08-02,5,5
github-stats,2021-08-03,5,5
github-stats,2021-08-04,4,4
github-stats,2021-08-05,9,7
github-stats,2021-08-06,4,4
github-stats,2021-08-07,6,5
github-stats,2021-08-08,4,4
github-stats,2021-08-09,4,4
github-stats,2021-08-10,4,4
github-stats,2021-08-11,4,4
github-stats,2021-08-12,5,5
github-stats,2021-08-13,6,5
github-stats,2021-08-14,1,1
github-stats,2021-08-15,1,1
github-stats,2021-08-16,2,2
github-stats,2021-08-17,1,1
github-stats,2021-08-18,2,1
github-stats,2021-08-19,1,1
github-stats,2021-08-20,3,3
github-stats,2021-08-21,1,1
github-stats,2021-08-22,1,1
github-stats,2021-08-23,1,1
github-stats,2021-08-24,1,1
github-stats,2021-08-25,1,1
github-stats,2021-08-26,1,1
github-stats,2021-08-27,1,1
github-stats,2021-08-28,1,1
github-stats,2021-08-29,1,1
github-stats,2021-08-30,1,1
github-stats,2021-08-31,1,1
github-stats,2021-09-01,1,1
github-stats,2021-09-02,3,3
github-stats,2021-09-03,3,3
github-stats,2021-09-04,4,4
github-stats,2021-09-05,5,4
github-stats,2021-09-06,1,1
github-stats,2021-09-07,1,1
github-stats,2021-09-08,1,1
github-stats,2021-09-09,1,1
github-stats,2021-09-10,1,1
github-stats,2021-09-11,1,1
github-stats,2021-09-12,1,1
github-stats,2021-09-13,1,1
github-stats,2021-09-14,4,4
github-stats,2021-09-15,5,4
github-stats,2021-09-16,3,3
github-stats,2021-09-17,1,1
github-stats,2021-09-18,1,1
github-stats,2021-09-19,4,4
github-stats,2021-09-20,1,1
github-stats,2021-09-21,1,1
github-stats,2021-09-22,1,1
github-stats,2021-09-23,1,1
github-stats,2021-09-24,1,1
github-stats,2021-09-25,1,1
github-stats,2021-09-26,1,1
github-stats,2021-09-27,1,1
github-stats,2021-09-28,4,4
github-stats,2021-09-29,1,1
github-stats,2021-09-30,1,1
github-stats,2021-10-01,1,1
github-stats,2021-10-02,3,3
github-stats,2021-10-03,1,1
github-stats,2021-10-04,1,1
github-stats,2021-10-05,1,1
github-stats,2021-10-06,1,1
github-stats,2021-10-07,1,1
github-stats,2021-10-08,4,4
github-stats,2021-10-09,4,4
github-stats,2021-10-10,4,4
github-stats,2021-10-11,4,4
github-stats,2021-10-12,5,5
github-stats,2021-10-13,4,4
github-stats,2021-10-14,4,4
github-stats,2021-10-15,1,1
github-stats,2021-10-16,6,5
github-stats,2021-10-17,1,1
github-stats,2021-10-18,1,1
github-stats,2021-10-19,2,2
github-stats,2021-10-20,14,4
github-stats,2021-10-21,22,3
github-stats,2021-10-22,25,4
github-stats,2021-10-23,23,4
github-stats,2021-10-24,21,5
github-stats,2021-10-25,18,4
github-stats,2021-10-26,4,1
github-stats,2021-10-27,4,1
github-stats,2021-10-28,2,1
github-stats,2021-10-29,6,4
github-stats,2021-10-30,8,5
github-stats,2021-10-31,6,4
github-stats,2021-11-01,6,4
github-stats,2021-11-02,6,4
github-stats,2021-11-03,6,4
github-stats,2021-11-04,6,4
github-stats,2021-11-05,8,5
github-stats,2021-11-06,8,5
github-stats,2021-11-07,7,5
github-stats,2021-11-08,7,5
github-stats,2021-11-09,7,5
github-stats,2021-11-10,1,1
github-stats,2021-11-11,1,1
github-stats,2021-11-12,7,5
github-stats,2021-11-13,7,5
github-stats,2021-11-14,6,4
github-stats,2021-11-15,7,5
github-stats,2021-11-16,6,4
github-stats,2021-11-17,6,4
github-stats,2021-11-18,6,4
github-stats,2021-11-19,6,4
github-stats,2021-11-20,8,5
github-stats,2021-11-21,6,4
github-stats,2021-11-22,6,4
github-stats,2021-11-23,2,1
github-stats,2021-11-24,6,4
github-stats,2021-11-25,6,4
github-stats,2021-11-26,7,5
github-stats,2021-11-27,6,4
github-stats,2021-11-28,4,3
github-stats,2021-11-29,5,4
github-stats,2021-11-30,4,3
github-stats,2021-12-01,4,3
github-stats,2021-12-02,6,4
github-stats,2021-12-03,4,3
github-stats,2021-12-04,4,3
github-stats,2021-12-05,1,1
github-stats,2021-12-06,4,3
github-stats,2021-12-07,4,3
github-stats,2021-12-08,4,3
github-stats,2021-12-09,4,3
github-stats,2021-12-10,4,3
github-stats,2021-12-11,6,4
github-stats,2021-12-12,6,4
github-stats,2021-12-13,6,4
github-stats,2021-12-14,1,1
github-stats,2021-12-15,4,3
github-stats,2021-12-16,5,4
github-stats,2021-12-17,3,2
github-stats,2021-12-18,3,2
github-stats,2021-12-19,3,2
github-stats,2021-12-20,3,2
github-stats,2021-12-21,3,2
github-stats,2021-12-22,3,2
github-stats,2021-12-23,1,1
github-stats,2021-12-24,1,1
github-stats,2021-12-25,3,2
github-stats,2021-12-26,3,2
github-stats,2021-12-27,1,1
github-stats,2021-12-28,1,1
github-stats,2021-12-29,1,1
github-stats,2021-12-30,1,1
github-stats,2021-12-31,3,2
github-stats,2022-01-01,1,1
github-stats,2022-01-02,2,1
github-stats,2022-01-03,2,1
github-stats,2022-01-04,2,1
github-stats,2022-01-05,2,1
github-stats,2022-01-06,5,3
github-stats,2022-01-07,3,2
github-stats,2022-01-08,2,1
github-stats,2022-01-09,2,1
github-stats,2022-01-10,2,1
github-stats,2022-01-11,2,1
github-stats,2022-01-12,2,1
github-stats,2022-01-13,2,1
github-stats,2022-01-14,5,3
github-stats,2022-01-15,2,1
github-stats,2022-01-16,5,3
github-stats,2022-01-17,1,1
github-stats,2022-01-18,1,1
github-stats,2022-01-19,3,2
github-stats,2022-01-20,2,2
github-stats,2022-01-21,1,1
github-stats,2022-01-22,1,1
github-stats,2022-01-23,3,2
github-stats,2022-01-24,3,2
github-stats,2022-01-25,3,2
github-stats,2022-01-26,3,2
github-stats,2022-01-27,3,2
github-stats,2022-01-28,1,1
github-stats,2022-01-29,1,1
github-stats,2022-01-30,3,2
github-stats,2022-01-31,1,1
github-stats,2022-02-01,1,1
github-stats,2022-02-02,3,2
github-stats,2022-02-03,3,2
github-stats,2022-02-04,3,2
github-stats,2022-02-05,3,2
github-stats,2022-02-06,1,1
github-stats,2022-02-07,1,1
github-stats,2022-02-08,1,1
github-stats,2022-02-09,1,1
github-stats,2022-02-10,1,1
github-stats,2022-02-11,1,1
github-stats,2022-02-12,1,1
github-stats,2022-02-13,3,2
github-stats,2022-02-14,1,1
github-stats,2022-02-15,6,2
github-stats,2022-02-16,3,2
github-stats,2022-02-17,3,2
github-stats,2022-02-18,1,1
github-stats,2022-02-19,6,4
github-stats,2022-02-20,7,5
github-stats,2022-02-21,1,1
github-stats,2022-02-22,7,5
github-stats,2022-02-23,1,1
github-stats,2022-02-24,1,1
github-stats,2022-02-25,3,2
github-stats,2022-02-26,3,2
github-stats,2022-02-27,1,1
github-stats,2022-02-28,1,1
github-stats,2022-03-01,1,1
github-stats,2022-03-02,1,1
github-stats,2022-03-03,3,2
github-stats,2022-03-04,5,3
github-stats,2022-03-05,1,1
github-stats,2022-03-06,8,4
github-stats,2022-03-07,3,2
github-stats,2022-03-08,1,1
github-stats,2022-03-09,5,3
github-stats,2022-03-10,2,1
github-stats,2022-03-11,3,2
github-stats,2022-03-12,2,1
github-stats,2022-03-13,7,4
github-stats,2022-03-14,7,4
github-stats,2022-03-15,1,1
github-stats,2022-03-16,1,1
github-stats,2022-03-17,1,1
github-stats,2022-03-18,1,1
github-stats,2022-03-19,1,1
github-stats,2022-03-20,1,1
github-stats,2022-03-21,1,1
github-stats,2022-03-22,1,1
github-stats,2022-03-23,1,1
github-stats,2022-03-24,1,1
github-stats,2022-03-25,9,5
github-stats,2022-03-26,1,1
github-stats,2022-03-27,1,1
github-stats,2022-03-28,1,1
github-stats,2022-03-29,1,1
github-stats,2022-03-30,1,1
github-stats,2022-03-31,1,1
github-stats,2022-04-01,5,3
github-stats,2022-04-02,5,3
github-stats,2022-04-03,5,3
github-stats,2022-04-04,5,3
github-stats,2022-04-05,5,3
github-stats,2022-04-06,5,3
github-stats,2022-04-07,5,3
github-stats,2022-04-08,6,4
github-stats,2022-04-09,5,3
github-stats,2022-04-10,5,3
github-stats,2022-04-11,5,3
github-stats,2022-04-12,5,3
github-stats,2022-04-13,5,3
github-stats,2022-04-14,5,3
github-stats,2022-04-15,5,3
github-stats,2022-04-16,5,3
github-stats,2022-04-17,5,3
github-stats,2022-04-18,6,4
github-stats,2022-04-19,5,3
github-stats,2022-04-20,5,3
github-stats,2022-04-21,2,1
github-stats,2022-04-22,2,1
github-stats,2022-04-23,2,1
github-stats,2022-04-24,5,3
github-stats,2022-04-25,5,3
github-stats,2022-04-26,6,4
github-stats,2022-04-27,5,3
github-stats,2022-04-28,3,2
github-stats,2022-04-29,2,1
github-stats,2022-04-30,5,3
github-stats,2022-05-01,5,3
github-stats,2022-05-02,5,3
github-stats,2022-05-03,2,1
github-stats,2022-05-04,5,3
github-stats,2022-05-05,5,3
github-stats,2022-05-06,5,3
github-stats,2022-05-07,2,1
github-stats,2022-05-08,7,4
github-stats,2022-05-09,5,3
github-stats,2022-05-10,5,3
github-stats,2022-05-11,6,4
github-stats,2022-05-12,6,4
github-stats,2022-05-13,3,2
github-stats,2022-05-14,5,3
github-stats,2022-05-15,2,1
github-stats,2022-05-16,5,3
github-stats,2022-05-17,6,4
github-stats,2022-05-18,1,1
github-stats,2022-05-19,1,1
github-stats,2022-05-20,1,1
github-stats,2022-05-21,1,1
github-stats,2022-05-22,5,3
github-stats,2022-05-23,1,1
github-stats,2022-05-24,1,1
github-stats,2022-05-25,1,1
github-stats,2022-05-26,1,1
github-stats,2022-05-27,1,1
github-stats,2022-05-28,1,1
github-stats,2022-05-29,1,1
github-stats,2022-05-30,1,1
github-stats,2022-05-31,1,1
github-stats,2022-06-01,7,4
github-stats,2022-06-02,6,4
github-stats,2022-06-03,5,3
github-stats,2022-06-04,5,3
github-stats,2022-06-05,5,3
github-stats,2022-06-06,5,3
github-stats,2022-06-07,5,3
github-stats,2022-06-08,7,4
github-stats,2022-06-09,5,3
github-stats,2022-06-10,5,3
github-stats,2022-06-11,5,3
github-stats,2022-06-12,5,3
github-stats,2022-06-13,5,3
github-stats,2022-06-14,6,4
github-stats,2022-06-15,5,3
github-stats,2022-06-16,5,3
github-stats,2022-06-17,6,4
github-stats,2022-06-18,5,3
github-stats,2022-06-19,5,3
github-stats,2022-06-20,5,3
github-stats,2022-06-21,1,1
github-stats,2022-06-22,1,1
github-stats,2022-06-23,1,1
github-stats,2022-06-24,5,3
github-stats,2022-06-25,6,4
github-stats,2022-06-26,1,1
github-stats,2022-06-27,1,1
github-stats,2022-06-28,2,2
github-stats,2022-06-29,1,1
github-stats,2022-06-30,1,1
github-stats,2022-07-01,5,3
github-stats,2022-07-02,5,3
github-stats,2022-07-03,6,4
github-stats,2022-07-04,6,4
github-stats,2022-07-05,7,4
github-stats,2022-07-06,5,3
github-stats,2022-07-07,5,3
github-stats,2022-07-08,5,3
github-stats,2022-07-09,5,3
github-stats,2022-07-10,5,3
github-stats,2022-07-11,6,4
github-stats,2022-07-12,5,3
github-stats,2022-07-13,5,3
github-stats,2022-07-14,6,4
github-stats,2022-07-15,3,2
github-stats,2022-07-16,5,3
github-stats,2022-07-17,5,3
github-stats,2022-07-18,5,3
github-stats,2022-07-19,3,2
github-stats,2022-07-20,5,3
github-stats,2022-07-21,6,4
github-stats,2022-07-22,7,5
github-stats,2022-07-23,7,4
github-stats,2022-07-24,2,2
github-stats,2022-07-25,3,3
github-stats,2022-07-26,4,3
github-stats,2022-07-27,5,3
github-stats,2022-07-28,5,3
github-stats,2022-07-29,1,1
github-stats,2022-07-30,1,1
github-stats,2022-07-31,1,1
github-stats,2022-08-01,6,4
github-stats,2022-08-02,3,3
github-stats,2022-08-03,1,1
github-stats,2022-08-04,1,1
github-stats,2022-08-05,2,2
github-stats,2022-08-06,1,1
github-stats,2022-08-07,1,1
github-stats,2022-08-08,1,1
github-stats,2022-08-09,1,1
github-stats,2022-08-10,1,1
github-stats,2022-08-11,1,1
github-stats,2022-08-12,1,1
github-stats,2022-08-13,1,1
github-stats,2022-08-14,1,1
github-stats,2022-08-15,1,1
github-stats,2022-08-16,1,1
github-stats,2022-08-17,1,1
github-stats,2022-08-18,1,1
github-stats,2022-08-19,1,1
github-stats,2022-08-20,1,1
github-stats,2022-08-21,1,1
github-stats,2022-08-22,1,1
github-stats,2022-08-23,1,1
github-stats,2022-08-24,1,1
github-stats,2022-08-25,1,1
github-stats,2022-08-26,1,1
github-stats,2022-08-27,1,1
github-stats,2022-08-28,1,1
github-stats,2022-08-29,1,1
github-stats,2022-08-30,1,1
github-stats,2022-08-31,1,1
github-stats,2022-09-01,1,1
github-stats,2022-09-02,1,1
github-stats,2022-09-03,1,1
github-stats,2022-09-04,2,2
github-stats,2022-09-05,1,1
github-stats,2022-09-06,1,1
github-stats,2022-09-07,1,1
github-stats,2022-09-08,1,1
github-stats,2022-09-09,1,1
github-stats,2022-09-10,1,1
github-stats,2022-09-11,2,2
github-stats,2022-09-12,1,1
github-stats,2022-09-13,1,1
github-stats,2022-09-14,1,1
github-stats,2022-09-15,2,2
github-stats,2022-09-16,1,1
github-stats,2022-09-17,1,1
github-stats,2022-09-18,1,1
github-stats,2022-09-19,1,1
github-stats,2022-09-20,1,1
github-stats,2022-09-21,1,1
github-stats,2022-09-22,1,1
github-stats,2022-09-23,5,4
github-stats,2022-09-24,4,3
github-stats,2022-09-25,1,1
github-stats,2022-09-26,1,1
github-stats,2022-09-27,1,1
github-stats,2022-09-28,1,1
github-stats,2022-09-29,1,1
github-stats,2022-09-30,1,1
github-stats,2022-10-01,1,1
github-stats,2022-10-02,1,1
github-stats,2022-10-03,1,1
github-stats,2022-10-04,1,1
github-stats,2022-10-05,1,1
github-stats,2022-10-06,4,3
github-stats,2022-10-07,3,2
github-stats,2022-10-08,3,2
github-stats,2022-10-09,1,1
github-stats,2022-10-10,1,1
github-stats,2022-10-11,1,1
github-stats,2022-10-12,6,4
github-stats,2022-10-13,7,5
github-stats,2022-10-14,7,5
github-stats,2022-10-15,6,4
github-stats,2022-10-16,6,4
github-stats,2022-10-17,6,4
github-stats,2022-10-18,1,1
github-stats,2022-10-19,8,5
github-stats,2022-10-20,4,3
github-stats,2022-10-21,7,5
github-stats,2022-10-22,5,4
github-stats,2022-10-23,6,4
github-stats,2022-10-24,6,4
github-stats,2022-10-25,7,5
github-stats,2022-10-26,1,1
github-stats,2022-10-27,1,1
github-stats,2022-10-28,2,2
github-stats,2022-10-29,1,1
github-stats,2022-10-30,1,1
github-stats,2022-10-31,1,1
github-stats,2022-11-01,5,3
github-stats,2022-11-02,4,3
github-stats,2022-11-03,4,3
github-stats,2022-11-04,1,1
github-stats,2022-11-05,1,1
github-stats,2022-11-06,2,2
github-stats,2022-11-07,7,5
github-stats,2022-11-08,7,5
github-stats,2022-11-09,6,4
github-stats,2022-11-10,6,4
github-stats,2022-11-11,7,5
github-stats,2022-11-12,7,5
github-stats,2022-11-13,8,5
github-stats,2022-11-14,10,7
github-stats,2022-11-15,6,4
github-stats,2022-11-16,6,4
github-stats,2022-11-17,6,4
github-stats,2022-11-18,7,5
github-stats,2022-11-19,6,4
ldcoolp-figshare,2021-05-14,12,8
ldcoolp-figshare,2021-05-15,4,3
ldcoolp-figshare,2021-05-16,2,2
ldcoolp-figshare,2021-05-17,4,4
ldcoolp-figshare,2021-05-18,18,12
ldcoolp-figshare,2021-05-19,3,2
ldcoolp-figshare,2021-05-20,44,26
ldcoolp-figshare,2021-05-24,46,27
ldcoolp-figshare,2021-05-26,1,1
ldcoolp-figshare,2021-06-03,31,15
ldcoolp-figshare,2021-06-08,20,11
ldcoolp-figshare,2021-06-18,1,1
ldcoolp-figshare,2021-06-26,1,1
ldcoolp-figshare,2021-06-28,1,1
ldcoolp-figshare,2021-06-29,9,5
ldcoolp-figshare,2021-07-01,13,9
ldcoolp-figshare,2021-07-02,1,1
ldcoolp-figshare,2021-07-03,1,1
ldcoolp-figshare,2021-07-07,20,13
ldcoolp-figshare,2021-07-09,1,1
ldcoolp-figshare,2021-07-12,1,1
ldcoolp-figshare,2021-07-22,3,2
ldcoolp-figshare,2021-07-23,1,1
ldcoolp-figshare,2021-08-13,1,1
ldcoolp-figshare,2021-08-24,1,1
ldcoolp-figshare,2021-08-25,1,1
ldcoolp-figshare,2021-09-02,1,1
ldcoolp-figshare,2021-09-10,1,1
ldcoolp-figshare,2021-09-14,1,1
ldcoolp-figshare,2021-09-15,1,1
ldcoolp-figshare,2021-09-18,1,1
ldcoolp-figshare,2021-10-05,1,1
ldcoolp-figshare,2021-10-10,1,1
ldcoolp-figshare,2021-10-15,1,1
ldcoolp-figshare,2021-10-21,4,1
ldcoolp-figshare,2021-11-08,1,1
ldcoolp-figshare,2021-11-21,1,1
ldcoolp-figshare,2021-11-24,1,1
ldcoolp-figshare,2021-11-26,2,2
ldcoolp-figshare,2021-11-28,1,1
ldcoolp-figshare,2021-12-01,1,1
ldcoolp-figshare,2021-12-08,1,1
ldcoolp-figshare,2021-12-11,1,1
ldcoolp-figshare,2021-12-12,1,1
ldcoolp-figshare,2021-12-16,1,1
ldcoolp-figshare,2021-12-24,1,1
ldcoolp-figshare,2022-01-01,1,1
ldcoolp-figshare,2022-01-15,2,1
ldcoolp-figshare,2022-01-19,2,1
ldcoolp-figshare,2022-01-25,2,1
ldcoolp-figshare,2022-02-26,1,1
ldcoolp-figshare,2022-03-05,1,1
ldcoolp-figshare,2022-03-10,1,1
ldcoolp-figshare,2022-03-22,2,1
ldcoolp-figshare,2022-03-23,1,1
ldcoolp-figshare,2022-03-25,1,1
ldcoolp-figshare,2022-04-19,2,1
ldcoolp-figshare,2022-04-21,2,1
ldcoolp-figshare,2022-04-22,2,1
ldcoolp-figshare,2022-04-23,1,1
ldcoolp-figshare,2022-04-26,2,1
ldcoolp-figshare,2022-04-29,2,1
ldcoolp-figshare,2022-05-09,3,3
ldcoolp-figshare,2022-05-16,2,1
ldcoolp-figshare,2022-05-20,1,1
ldcoolp-figshare,2022-06-05,1,1
ldcoolp-figshare,2022-06-15,2,1
ldcoolp-figshare,2022-06-16,1,1
ldcoolp-figshare,2022-06-23,6,4
ldcoolp-figshare,2022-06-24,2,2
ldcoolp-figshare,2022-07-04,1,1
ldcoolp-figshare,2022-07-11,1,1
ldcoolp-figshare,2022-07-12,1,1
ldcoolp-figshare,2022-07-20,2,1
ldcoolp-figshare,2022-07-22,1,1
ldcoolp-figshare,2022-07-25,1,1
ldcoolp-figshare,2022-08-03,1,1
ldcoolp-figshare,2022-08-05,1,1
ldcoolp-figshare,2022-08-13,2,1
ldcoolp-figshare,2022-08-19,1,1
ldcoolp-figshare,2022-08-27,1,1
ldcoolp-figshare,2022-09-04,1,1
ldcoolp-figshare,2022-09-06,1,1
ldcoolp-figshare,2022-09-17,2,1
ldcoolp-figshare,2022-09-18,1,1
ldcoolp-figshare,2022-10-19,1,1
ldcoolp-figshare,2022-10-21,1,1
ldcoolp-figshare,2022-10-24,1,1
ldcoolp-figshare,2022-10-26,2,1
ldcoolp-figshare,2022-11-01,1,1
ldcoolp-figshare,2022-11-02,1,1
ldcoolp-figshare,2022-11-08,2,1
ldcoolp-figshare,2022-11-09,3,3
ldcoolp-figshare,2022-11-13,2,1
ldcoolp-figshare,2022-11-19,1,1
redata-commons,2021-03-02,3,3
redata-commons,2021-03-03,1,1
redata-commons,2021-03-09,7,5
redata-commons,2021-03-10,7,2
redata-commons,2021-03-11,19,2
redata-commons,2021-03-12,8,2
redata-commons,2021-03-15,8,2
redata-commons,2021-03-16,8,3
redata-commons,2021-03-17,17,4
redata-commons,2021-03-19,31,4
redata-commons,2021-03-23,19,4
redata-commons,2021-03-24,1,1
redata-commons,2021-03-26,8,1
redata-commons,2021-03-29,46,11
redata-commons,2021-03-30,22,5
redata-commons,2021-04-04,1,1
redata-commons,2021-04-05,26,9
redata-commons,2021-04-07,3,3
redata-commons,2021-04-09,1,1
redata-commons,2021-04-11,1,1
redata-commons,2021-04-14,19,3
redata-commons,2021-04-15,18,8
redata-commons,2021-04-16,1,1
redata-commons,2021-04-18,1,1
redata-commons,2021-04-20,39,9
redata-commons,2021-04-21,1,1
redata-commons,2021-04-28,1,1
redata-commons,2021-05-01,1,1
redata-commons,2021-05-13,1,1
redata-commons,2021-05-15,1,1
redata-commons,2021-05-17,62,16
redata-commons,2021-05-18,9,4
redata-commons,2021-05-20,1,1
redata-commons,2021-05-25,1,1
redata-commons,2021-06-01,1,1
redata-commons,2021-06-08,45,8
redata-commons,2021-06-18,1,1
redata-commons,2021-06-28,1,1
redata-commons,2021-06-29,8,3
redata-commons,2021-07-01,22,9
redata-commons,2021-07-02,1,1
redata-commons,2021-07-03,1,1
redata-commons,2021-07-07,4,4
redata-commons,2021-07-09,1,1
redata-commons,2021-07-12,1,1
redata-commons,2021-07-13,1,1
redata-commons,2021-07-22,2,2
redata-commons,2021-07-23,1,1
redata-commons,2021-08-13,1,1
redata-commons,2021-08-23,1,1
redata-commons,2021-08-24,1,1
redata-commons,2021-08-25,2,1
redata-commons,2021-08-26,1,1
redata-commons,2021-08-28,1,1
redata-commons,2021-09-01,1,1
redata-commons,2021-09-07,1,1
redata-commons,2021-10-21,4,1
redata-commons,2021-11-19,1,1
redata-commons,2021-11-21,1,1
redata-commons,2021-11-27,1,1
redata-commons,2021-11-29,1,1
redata-commons,2021-11-30,1,1
redata-commons,2021-12-11,1,1
redata-commons,2021-12-12,1,1
redata-commons,2022-01-04,1,1
redata-commons,2022-01-07,2,1
redata-commons,2022-01-11,2,1
redata-commons,2022-01-18,3,2
redata-commons,2022-01-25,3,1
redata-commons,2022-03-04,1,1
redata-commons,2022-03-11,1,1
redata-commons,2022-03-16,2,1
redata-commons,2022-03-18,2,1
redata-commons,2022-03-23,1,1
redata-commons,2022-03-24,2,1
redata-commons,2022-03-25,3,2
redata-commons,2022-03-31,2,1
redata-commons,2022-04-04,1,1
redata-commons,2022-04-23,1,1
redata-commons,2022-05-11,1,1
redata-commons,2022-05-14,6,5
redata-commons,2022-05-17,2,1
redata-commons,2022-05-31,2,2
redata-commons,2022-06-01,3,2
redata-commons,2022-06-02,1,1
redata-commons,2022-06-05,1,1
redata-commons,2022-06-10,1,1
redata-commons,2022-06-17,1,1
redata-commons,2022-06-21,1,1
redata-commons,2022-06-24,1,1
redata-commons,2022-06-28,7,3
redata-commons,2022-06-29,10,5
redata-commons,2022-06-30,17,3
redata-commons,2022-07-01,9,1
redata-commons,2022-07-04,1,1
redata-commons,2022-07-05,26,9
redata-commons,2022-07-06,44,10
redata-commons,2022-07-07,55,12
redata-commons,2022-07-08,23,8
redata-commons,2022-07-11,1,1
redata-commons,2022-07-13,2,1
redata-commons,2022-07-15,1,1
redata-commons,2022-07-18,1,1
redata-commons,2022-07-23,1,1
redata-commons,2022-07-29,1,1
redata-commons,2022-07-30,1,1
redata-commons,2022-08-02,1,1
redata-commons,2022-08-05,1,1
redata-commons,2022-08-09,1,1
redata-commons,2022-08-12,1,1
redata-commons,2022-08-19,1,1
redata-commons,2022-08-25,1,1
redata-commons,2022-09-04,1,1
redata-commons,2022-09-15,1,1
redata-commons,2022-09-16,1,1
redata-commons,2022-10-01,1,1
redata-commons,2022-10-21,2,2
redata-commons,2022-10-22,1,1
redata-commons,2022-10-25,1,1
redata-commons,2022-10-26,2,1
redata-commons,2022-11-01,1,1
redata-commons,2022-11-04,1,1
redata-commons,2022-11-08,2,1
redata-commons,2022-11-15,1,1
redata-docs,2021-05-25,2,2
redata-docs,2021-05-26,22,13
redata-docs,2021-05-27,1,1
redata-docs,2021-06-03,1,1
redata-docs,2021-06-04,1,1
redata-docs,2021-06-26,1,1
redata-docs,2021-06-29,5,4
redata-docs,2021-07-01,14,9
redata-docs,2021-07-03,1,1
redata-docs,2021-07-07,1,1
redata-docs,2021-07-12,35,12
redata-docs,2021-07-13,19,9
redata-docs,2021-07-14,5,4
redata-docs,2021-07-15,38,16
redata-docs,2021-07-19,1,1
redata-docs,2021-07-21,16,11
redata-docs,2021-07-22,4,4
redata-docs,2021-08-10,1,1
redata-docs,2021-08-24,1,1
redata-docs,2021-08-25,1,1
redata-docs,2021-09-02,1,1
redata-docs,2021-09-10,1,1
redata-docs,2021-10-21,5,1
redata-docs,2021-10-30,1,1
redata-docs,2021-11-13,1,1
redata-docs,2021-11-21,1,1
redata-docs,2021-11-30,1,1
redata-docs,2021-12-01,1,1
redata-docs,2021-12-11,1,1
redata-docs,2021-12-21,1,1
redata-docs,2022-01-15,2,1
redata-docs,2022-01-16,2,1
redata-docs,2022-01-18,2,1
redata-docs,2022-01-25,2,1
redata-docs,2022-01-26,1,1
redata-docs,2022-02-12,1,1
redata-docs,2022-03-12,1,1
redata-docs,2022-03-19,2,1
redata-docs,2022-03-23,2,1
redata-docs,2022-03-26,2,1
redata-docs,2022-04-04,1,1
redata-docs,2022-04-12,1,1
redata-docs,2022-04-21,2,1
redata-docs,2022-04-27,10,6
redata-docs,2022-05-03,1,1
redata-docs,2022-05-05,2,2
redata-docs,2022-05-06,4,1
redata-docs,2022-05-09,5,3
redata-docs,2022-05-10,12,6
redata-docs,2022-05-12,2,1
redata-docs,2022-05-18,2,1
redata-docs,2022-05-19,8,5
redata-docs,2022-05-20,1,1
redata-docs,2022-05-21,5,3
redata-docs,2022-05-23,7,5
redata-docs,2022-05-25,6,3
redata-docs,2022-05-26,9,4
redata-docs,2022-05-27,1,1
redata-docs,2022-05-28,4,2
redata-docs,2022-05-31,8,5
redata-docs,2022-06-01,4,3
redata-docs,2022-06-06,1,1
redata-docs,2022-06-14,5,3
redata-docs,2022-06-15,4,3
redata-docs,2022-06-21,1,1
redata-docs,2022-07-12,1,1
redata-docs,2022-07-13,2,1
redata-docs,2022-07-22,1,1
redata-docs,2022-08-01,1,1
redata-docs,2022-08-03,1,1
redata-docs,2022-08-09,1,1
redata-docs,2022-08-22,1,1
redata-docs,2022-09-22,1,1
redata-docs,2022-10-21,1,1
redata-docs,2022-10-26,2,1
redata-docs,2022-11-08,2,1
redata-docs,2022-11-11,2,1
redata-docs,2022-11-13,1,1
redata-docs,2022-11-16,1,1
redata-iac,2021-06-29,3,3
redata-iac,2021-07-01,2,2
redata-iac,2021-07-19,6,5
redata-iac,2021-07-22,1,1
redata-iac,2021-07-28,6,6
redata-iac,2021-08-06,1,1
redata-iac,2021-08-10,1,1
redata-iac,2021-08-22,1,1
redata-iac,2021-09-22,1,1
redata-iac,2021-10-04,1,1
redata-iac,2021-10-14,1,1
redata-iac,2021-10-21,8,2
redata-iac,2021-10-27,2,1
redata-iac,2021-11-03,4,4
redata-iac,2021-11-08,2,1
redata-iac,2021-11-09,1,1
redata-iac,2021-11-12,1,1
redata-iac,2021-11-14,1,1
redata-iac,2022-01-07,1,1
redata-iac,2022-01-19,2,1
redata-iac,2022-01-25,1,1
redata-iac,2022-01-26,1,1
redata-iac,2022-01-29,1,1
redata-iac,2022-03-03,1,1
redata-iac,2022-03-04,1,1
redata-iac,2022-03-16,2,1
redata-iac,2022-03-19,2,1
redata-iac,2022-04-04,1,1
redata-iac,2022-04-22,1,1
redata-iac,2022-05-01,1,1
redata-iac,2022-05-19,1,1
redata-iac,2022-05-30,1,1
redata-iac,2022-06-08,1,1
redata-iac,2022-07-13,1,1
redata-iac,2022-07-26,1,1
redata-iac,2022-08-05,2,2
redata-iac,2022-08-07,1,1
redata-iac,2022-09-11,1,1
redata-iac,2022-10-02,1,1
redata-iac,2022-10-21,1,1
redata-iac,2022-10-24,1,1
redata-iac,2022-11-02,1,1
redata-iac,2022-11-08,3,2
redata-iac,2022-11-09,4,2
redata-iac,2022-11-12,1,1
redata-iac,2022-11-14,3,2
redata-iac,2022-11-19,1,1
redata-landing-page,2022-03-18,22,9
redata-landing-page,2022-03-19,2,2
redata-landing-page,2022-04-04,2,1
redata-landing-page,2022-05-10,2,1
redata-landing-page,2022-05-12,1,1
redata-landing-page,2022-05-21,2,1
redata-landing-page,2022-08-01,1,1
redata-landing-page,2022-08-05,2,2
redata-landing-page,2022-09-04,1,1
redata-landing-page,2022-10-05,2,2
redata-landing-page,2022-10-06,8,3
redata-landing-page,2022-10-09,1,1
redata-landing-page,2022-10-10,2,1
redata-landing-page,2022-10-21,1,1
redata-landing-page,2022-10-25,3,2
redata-landing-page,2022-11-04,2,2
redata-landing-page,2022-11-17,1,1
redata-meta-redirect,2021-11-04,7,5
redata-meta-redirect,2021-11-05,13,5
redata-meta-redirect,2021-11-08,1,1
redata-meta-redirect,2022-01-07,1,1
redata-meta-redirect,2022-01-25,1,1
slacking,2021-03-13,1,1
slacking,2021-06-03,1,1
slacking,2021-07-06,2,2
slacking,2021-07-07,1,1
slacking,2021-07-08,1,1
slacking,2021-08-13,1,1
slacking,2021-10-19,1,1
slacking,2021-10-21,4,1
slacking,2021-10-29,1,1
slacking,2021-11-02,1,1
slacking,2021-11-05,1,1
slacking,2021-11-21,1,1
slacking,2021-11-28,1,1
slacking,2022-01-10,1,1
slacking,2022-01-18,2,1
slacking,2022-01-25,1,1
slacking,2022-04-03,2,1
slacking,2022-06-16,2,1
slacking,2022-07-14,1,1
slacking,2022-08-05,1,1
slacking,2022-10-21,1,1
slacking,2022-11-06,1,1
slacking,2022-11-18,1,1
uptime,2021-02-28,28,1
uptime,2021-03-01,97,5
uptime,2021-03-02,117,4
uptime,2021-03-03,97,3
uptime,2021-03-04,98,5
uptime,2021-03-05,94,4
uptime,2021-03-06,96,4
uptime,2021-03-07,96,3
uptime,2021-03-08,88,3
uptime,2021-03-09,95,5
uptime,2021-03-10,97,4
uptime,2021-03-11,99,5
uptime,2021-03-12,89,5
uptime,2021-03-13,96,5
uptime,2021-03-14,92,3
uptime,2021-03-15,86,4
uptime,2021-03-16,92,4
uptime,2021-03-17,90,3
uptime,2021-03-18,34,1
uptime,2021-03-19,89,4
uptime,2021-03-20,90,4
uptime,2021-03-21,68,2
uptime,2021-03-22,83,4
uptime,2021-03-23,83,3
uptime,2021-03-24,62,4
uptime,2021-03-25,70,3
uptime,2021-03-26,80,6
uptime,2021-03-27,80,6
uptime,2021-03-28,57,2
uptime,2021-03-29,75,4
uptime,2021-03-30,74,4
uptime,2021-03-31,77,5
uptime,2021-04-01,70,6
uptime,2021-04-02,71,3
uptime,2021-04-03,78,5
uptime,2021-04-04,57,3
uptime,2021-04-05,71,3
uptime,2021-04-06,74,4
uptime,2021-04-07,71,3
uptime,2021-04-08,71,3
uptime,2021-04-09,62,5
uptime,2021-04-10,59,2
uptime,2021-04-11,58,2
uptime,2021-04-12,56,3
uptime,2021-04-13,57,2
uptime,2021-04-14,64,4
uptime,2021-04-15,61,5
uptime,2021-04-16,59,2
uptime,2021-04-17,60,1
uptime,2021-04-18,59,1
uptime,2021-04-19,58,1
uptime,2021-04-20,59,3
uptime,2021-04-21,53,1
uptime,2021-04-22,55,2
uptime,2021-04-23,60,6
uptime,2021-04-24,57,3
uptime,2021-04-25,56,2
uptime,2021-04-26,54,2
uptime,2021-04-27,57,3
uptime,2021-04-28,58,3
uptime,2021-04-29,59,2
uptime,2021-04-30,60,2
uptime,2021-05-01,61,2
uptime,2021-05-02,63,3
uptime,2021-05-03,59,2
uptime,2021-05-04,66,3
uptime,2021-05-05,63,2
uptime,2021-05-06,65,5
uptime,2021-05-07,61,2
uptime,2021-05-08,65,3
uptime,2021-05-09,64,2
uptime,2021-05-10,61,4
uptime,2021-05-11,60,4
uptime,2021-05-12,53,2
uptime,2021-05-13,51,2
uptime,2021-05-14,52,3
uptime,2021-05-15,51,3
uptime,2021-05-16,52,3
uptime,2021-05-17,47,3
uptime,2021-05-18,48,3
uptime,2021-05-19,48,2
uptime,2021-05-20,48,3
uptime,2021-05-21,46,3
uptime,2021-05-22,53,4
uptime,2021-05-23,53,3
uptime,2021-05-24,41,4
uptime,2021-05-25,36,2
uptime,2021-05-26,30,2
uptime,2021-05-27,26,2
uptime,2021-05-28,25,2
uptime,2021-05-29,22,2
uptime,2021-05-30,22,2
uptime,2021-05-31,31,7
uptime,2021-06-01,28,6
uptime,2021-06-02,26,8
uptime,2021-06-03,31,6
uptime,2021-06-04,26,4
uptime,2021-06-05,39,6
uptime,2021-06-06,39,6
uptime,2021-06-07,31,6
uptime,2021-06-08,45,2
uptime,2021-06-09,52,1
uptime,2021-06-10,59,3
uptime,2021-06-11,70,2
uptime,2021-06-12,71,2
uptime,2021-06-13,72,3
uptime,2021-06-14,69,1
uptime,2021-06-15,69,1
uptime,2021-06-16,70,2
uptime,2021-06-17,91,4
uptime,2021-06-18,90,7
uptime,2021-06-19,96,5
uptime,2021-06-20,97,6
uptime,2021-06-21,90,4
uptime,2021-06-22,74,3
uptime,2021-06-23,85,2
uptime,2021-06-24,83,4
uptime,2021-06-25,82,3
uptime,2021-06-26,83,2
uptime,2021-06-27,83,2
uptime,2021-06-28,76,2
uptime,2021-06-29,81,2
uptime,2021-06-30,81,2
uptime,2021-07-01,80,3
uptime,2021-07-02,82,2
uptime,2021-07-03,87,3
uptime,2021-07-04,88,4
uptime,2021-07-05,83,2
uptime,2021-07-06,92,7
uptime,2021-07-07,80,4
uptime,2021-07-08,78,2
uptime,2021-07-09,82,2
uptime,2021-07-10,87,3
uptime,2021-07-11,86,2
uptime,2021-07-12,84,2
uptime,2021-07-13,88,6
uptime,2021-07-14,83,3
uptime,2021-07-15,84,3
uptime,2021-07-16,83,3
uptime,2021-07-17,85,2
uptime,2021-07-18,85,2
uptime,2021-07-19,82,2
uptime,2021-07-20,84,3
uptime,2021-07-21,86,4
uptime,2021-07-22,84,4
uptime,2021-07-23,83,4
uptime,2021-07-24,86,3
uptime,2021-07-25,87,4
uptime,2021-07-26,78,3
uptime,2021-07-27,82,2
uptime,2021-07-28,82,2
uptime,2021-07-29,82,2
uptime,2021-07-30,84,3
uptime,2021-07-31,85,2
uptime,2021-08-01,86,3
uptime,2021-08-02,86,4
uptime,2021-08-03,81,5
uptime,2021-08-04,80,2
uptime,2021-08-05,82,2
uptime,2021-08-06,85,3
uptime,2021-08-07,87,2
uptime,2021-08-08,89,3
uptime,2021-08-09,86,4
uptime,2021-08-10,62,2
uptime,2021-08-11,82,2
uptime,2021-08-12,86,2
uptime,2021-08-13,85,3
uptime,2021-08-14,90,4
uptime,2021-08-15,88,3
uptime,2021-08-16,76,3
uptime,2021-08-17,84,1
uptime,2021-08-18,84,1
uptime,2021-08-19,90,4
uptime,2021-08-20,84,2
uptime,2021-08-21,89,3
uptime,2021-08-22,88,2
uptime,2021-08-23,86,2
uptime,2021-08-24,85,1
uptime,2021-08-25,89,3
uptime,2021-08-26,85,1
uptime,2021-08-27,86,2
uptime,2021-08-28,89,2
uptime,2021-08-29,88,1
uptime,2021-08-30,85,1
uptime,2021-08-31,87,3
uptime,2021-09-01,84,1
uptime,2021-09-02,84,1
uptime,2021-09-03,85,1
uptime,2021-09-04,88,2
uptime,2021-09-05,89,2
uptime,2021-09-06,86,3
uptime,2021-09-07,84,1
uptime,2021-09-08,84,1
uptime,2021-09-09,84,1
uptime,2021-09-10,88,3
uptime,2021-09-11,89,2
uptime,2021-09-12,89,2
uptime,2021-09-13,86,2
uptime,2021-09-14,87,2
uptime,2021-09-15,85,1
uptime,2021-09-16,88,4
uptime,2021-09-17,88,2
uptime,2021-09-18,89,2
uptime,2021-09-19,89,1
uptime,2021-09-20,86,1
uptime,2021-09-21,86,1
uptime,2021-09-22,85,1
uptime,2021-09-23,85,1
uptime,2021-09-24,87,2
uptime,2021-09-25,89,2
uptime,2021-09-26,88,1
uptime,2021-09-27,86,2
uptime,2021-09-28,87,2
uptime,2021-09-29,87,3
uptime,2021-09-30,86,2
uptime,2021-10-01,85,1
uptime,2021-10-02,89,2
uptime,2021-10-03,90,2
uptime,2021-10-04,91,4
uptime,2021-10-05,79,3
uptime,2021-10-06,84,2
uptime,2021-10-07,91,3
uptime,2021-10-08,85,1
uptime,2021-10-09,89,2
uptime,2021-10-10,89,1
uptime,2021-10-11,87,3
uptime,2021-10-12,87,2
uptime,2021-10-13,86,2
uptime,2021-10-14,85,2
uptime,2021-10-15,86,2
uptime,2021-10-16,88,2
uptime,2021-10-17,88,2
uptime,2021-10-18,82,1
uptime,2021-10-19,92,1
uptime,2021-10-20,235,1
uptime,2021-10-21,369,6
uptime,2021-10-22,284,3
uptime,2021-10-23,213,2
uptime,2021-10-24,191,2
uptime,2021-10-25,171,3
uptime,2021-10-26,148,1
uptime,2021-10-27,86,1
uptime,2021-10-28,83,1
uptime,2021-10-29,83,1
uptime,2021-10-30,89,3
uptime,2021-10-31,88,3
uptime,2021-11-01,83,2
uptime,2021-11-02,88,5
uptime,2021-11-03,84,2
uptime,2021-11-04,83,2
uptime,2021-11-05,84,2
uptime,2021-11-06,88,3
uptime,2021-11-07,87,2
uptime,2021-11-08,81,1
uptime,2021-11-09,83,2
uptime,2021-11-10,86,2
uptime,2021-11-11,87,3
uptime,2021-11-12,86,3
uptime,2021-11-13,86,2
uptime,2021-11-14,87,2
uptime,2021-11-15,83,2
uptime,2021-11-16,84,1
uptime,2021-11-17,87,2
uptime,2021-11-18,90,3
uptime,2021-11-19,83,2
uptime,2021-11-20,87,2
uptime,2021-11-21,86,2
uptime,2021-11-22,83,2
uptime,2021-11-23,85,3
uptime,2021-11-24,83,2
uptime,2021-11-25,83,2
uptime,2021-11-26,83,2
uptime,2021-11-27,66,1
uptime,2021-11-28,83,1
uptime,2021-11-29,80,1
uptime,2021-11-30,92,2
uptime,2021-12-01,79,1
uptime,2021-12-02,81,1
uptime,2021-12-03,80,1
uptime,2021-12-04,79,1
uptime,2021-12-05,82,1
uptime,2021-12-06,83,2
uptime,2021-12-07,73,1
uptime,2021-12-08,78,1
uptime,2021-12-09,78,1
uptime,2021-12-10,80,2
uptime,2021-12-11,82,1
uptime,2021-12-12,82,1
uptime,2021-12-13,104,3
uptime,2021-12-14,81,1
uptime,2021-12-15,82,2
uptime,2021-12-16,79,1
uptime,2021-12-17,81,1
uptime,2021-12-18,81,1
uptime,2021-12-19,81,1
uptime,2021-12-20,76,1
uptime,2021-12-21,80,3
uptime,2021-12-22,80,3
uptime,2021-12-23,82,4
uptime,2021-12-24,81,3
uptime,2021-12-25,85,2
uptime,2021-12-26,82,2
uptime,2021-12-27,80,2
uptime,2021-12-28,80,3
uptime,2021-12-29,84,3
uptime,2021-12-30,85,4
uptime,2021-12-31,81,3
uptime,2022-01-01,81,2
uptime,2022-01-02,82,2
uptime,2022-01-03,77,2
uptime,2022-01-04,76,1
uptime,2022-01-05,78,2
uptime,2022-01-06,75,1
uptime,2022-01-07,81,5
uptime,2022-01-08,80,3
uptime,2022-01-09,87,3
uptime,2022-01-10,78,4
uptime,2022-01-11,74,1
uptime,2022-01-12,88,7
uptime,2022-01-13,77,2
uptime,2022-01-14,77,2
uptime,2022-01-15,80,2
uptime,2022-01-16,79,2
uptime,2022-01-17,91,4
uptime,2022-01-18,88,6
uptime,2022-01-19,103,4
uptime,2022-01-20,95,4
uptime,2022-01-21,96,5
uptime,2022-01-22,101,3
uptime,2022-01-23,119,5
uptime,2022-01-24,104,6
uptime,2022-01-25,93,5
uptime,2022-01-26,88,1
uptime,2022-01-27,92,4
uptime,2022-01-28,89,2
uptime,2022-01-29,90,2
uptime,2022-01-30,97,4
uptime,2022-01-31,95,3
uptime,2022-02-01,89,2
uptime,2022-02-02,94,4
uptime,2022-02-03,95,4
uptime,2022-02-04,106,2
uptime,2022-02-05,105,3
uptime,2022-02-06,93,1
uptime,2022-02-07,90,1
uptime,2022-02-08,89,1
uptime,2022-02-09,90,3
uptime,2022-02-10,93,3
uptime,2022-02-11,92,1
uptime,2022-02-12,94,1
uptime,2022-02-13,93,1
uptime,2022-02-14,92,2
uptime,2022-02-15,93,2
uptime,2022-02-16,100,4
uptime,2022-02-17,92,3
uptime,2022-02-18,90,2
uptime,2022-02-19,125,4
uptime,2022-02-20,99,5
uptime,2022-02-21,87,1
uptime,2022-02-22,118,6
uptime,2022-02-23,88,2
uptime,2022-02-24,87,2
uptime,2022-02-25,87,1
uptime,2022-02-26,90,1
uptime,2022-02-27,90,2
uptime,2022-02-28,86,2
uptime,2022-03-01,87,2
uptime,2022-03-02,87,2
uptime,2022-03-03,88,2
uptime,2022-03-04,87,1
uptime,2022-03-05,89,1
uptime,2022-03-06,91,2
uptime,2022-03-07,86,2
uptime,2022-03-08,125,2
uptime,2022-03-09,87,2
uptime,2022-03-10,84,1
uptime,2022-03-11,87,3
uptime,2022-03-12,89,2
uptime,2022-03-13,92,4
uptime,2022-03-14,85,2
uptime,2022-03-15,104,7
uptime,2022-03-16,92,5
uptime,2022-03-17,91,3
uptime,2022-03-18,94,3
uptime,2022-03-19,98,4
uptime,2022-03-20,97,3
uptime,2022-03-21,94,4
uptime,2022-03-22,90,3
uptime,2022-03-23,104,5
uptime,2022-03-24,90,3
uptime,2022-03-25,88,3
uptime,2022-03-26,96,3
uptime,2022-03-27,95,3
uptime,2022-03-28,90,3
uptime,2022-03-29,85,2
uptime,2022-03-30,90,2
uptime,2022-03-31,89,3
uptime,2022-04-01,88,3
uptime,2022-04-02,94,3
uptime,2022-04-03,86,2
uptime,2022-04-04,81,3
uptime,2022-04-05,83,2
uptime,2022-04-06,98,6
uptime,2022-04-07,88,3
uptime,2022-04-08,80,3
uptime,2022-04-09,85,2
uptime,2022-04-10,85,2
uptime,2022-04-11,78,2
uptime,2022-04-12,84,4
uptime,2022-04-13,80,2
uptime,2022-04-14,78,2
uptime,2022-04-15,79,2
uptime,2022-04-16,84,2
uptime,2022-04-17,84,2
uptime,2022-04-18,78,2
uptime,2022-04-19,81,5
uptime,2022-04-20,73,2
uptime,2022-04-21,74,2
uptime,2022-04-22,80,3
uptime,2022-04-23,83,3
uptime,2022-04-24,81,2
uptime,2022-04-25,74,2
uptime,2022-04-26,80,6
uptime,2022-04-27,73,2
uptime,2022-04-28,74,2
uptime,2022-04-29,74,2
uptime,2022-04-30,77,2
uptime,2022-05-01,79,2
uptime,2022-05-02,75,2
uptime,2022-05-03,71,2
uptime,2022-05-04,72,3
uptime,2022-05-05,73,2
uptime,2022-05-06,74,2
uptime,2022-05-07,80,3
uptime,2022-05-08,79,2
uptime,2022-05-09,73,3
uptime,2022-05-10,72,3
uptime,2022-05-11,70,2
uptime,2022-05-12,70,3
uptime,2022-05-13,67,2
uptime,2022-05-14,73,2
uptime,2022-05-15,75,2
uptime,2022-05-16,68,2
uptime,2022-05-17,74,2
uptime,2022-05-18,74,4
uptime,2022-05-19,69,3
uptime,2022-05-20,71,2
uptime,2022-05-21,79,3
uptime,2022-05-22,77,2
uptime,2022-05-23,74,4
uptime,2022-05-24,70,2
uptime,2022-05-25,69,2
uptime,2022-05-26,71,2
uptime,2022-05-27,70,2
uptime,2022-05-28,75,2
uptime,2022-05-29,76,2
uptime,2022-05-30,68,2
uptime,2022-05-31,72,5
uptime,2022-06-01,78,4
uptime,2022-06-02,69,3
uptime,2022-06-03,91,3
uptime,2022-06-04,96,3
uptime,2022-06-05,99,4
uptime,2022-06-06,86,2
uptime,2022-06-07,78,2
uptime,2022-06-08,79,2
uptime,2022-06-09,83,5
uptime,2022-06-10,79,2
uptime,2022-06-11,88,2
uptime,2022-06-12,88,2
uptime,2022-06-13,87,7
uptime,2022-06-14,79,3
uptime,2022-06-15,77,3
uptime,2022-06-16,82,5
uptime,2022-06-17,85,4
uptime,2022-06-18,88,4
uptime,2022-06-19,91,4
uptime,2022-06-20,78,2
uptime,2022-06-21,81,6
uptime,2022-06-22,75,2
uptime,2022-06-23,74,2
uptime,2022-06-24,78,3
uptime,2022-06-25,86,3
uptime,2022-06-26,85,2
uptime,2022-06-27,72,2
uptime,2022-06-28,74,3
uptime,2022-06-29,64,2
uptime,2022-06-30,72,2
uptime,2022-07-01,81,6
uptime,2022-07-02,85,2
uptime,2022-07-03,86,2
uptime,2022-07-04,77,3
uptime,2022-07-05,77,3
uptime,2022-07-06,76,3
uptime,2022-07-07,71,1
uptime,2022-07-08,73,2
uptime,2022-07-09,82,2
uptime,2022-07-10,82,2
uptime,2022-07-11,72,2
uptime,2022-07-12,74,2
uptime,2022-07-13,75,3
uptime,2022-07-14,72,2
uptime,2022-07-15,73,2
uptime,2022-07-16,85,2
uptime,2022-07-17,83,2
uptime,2022-07-18,69,2
uptime,2022-07-19,73,3
uptime,2022-07-20,76,4
uptime,2022-07-21,82,6
uptime,2022-07-22,73,4
uptime,2022-07-23,83,5
uptime,2022-07-24,77,2
uptime,2022-07-25,79,4
uptime,2022-07-26,101,7
uptime,2022-07-27,64,2
uptime,2022-07-28,72,3
uptime,2022-07-29,73,2
uptime,2022-07-30,83,2
uptime,2022-07-31,84,3
uptime,2022-08-01,65,2
uptime,2022-08-02,70,1
uptime,2022-08-03,73,2
uptime,2022-08-04,76,4
uptime,2022-08-05,82,5
uptime,2022-08-06,95,6
uptime,2022-08-07,84,3
uptime,2022-08-08,71,2
uptime,2022-08-09,71,3
uptime,2022-08-10,89,5
uptime,2022-08-11,71,2
uptime,2022-08-12,69,2
uptime,2022-08-13,81,2
uptime,2022-08-14,81,3
uptime,2022-08-15,68,2
uptime,2022-08-16,77,2
uptime,2022-08-17,67,2
uptime,2022-08-18,63,2
uptime,2022-08-19,67,2
uptime,2022-08-20,77,1
uptime,2022-08-21,80,2
uptime,2022-08-22,70,2
uptime,2022-08-23,71,2
uptime,2022-08-24,69,2
uptime,2022-08-25,62,1
uptime,2022-08-26,69,2
uptime,2022-08-27,75,2
uptime,2022-08-28,99,5
uptime,2022-08-29,70,4
uptime,2022-08-30,68,3
uptime,2022-08-31,65,2
uptime,2022-09-01,66,2
uptime,2022-09-02,65,1
uptime,2022-09-03,74,1
uptime,2022-09-04,74,1
uptime,2022-09-05,62,1
uptime,2022-09-06,55,1
uptime,2022-09-07,43,1
uptime,2022-09-08,56,2
uptime,2022-09-09,50,1
uptime,2022-09-10,59,1
uptime,2022-09-11,62,1
uptime,2022-09-12,53,2
uptime,2022-09-13,54,2
uptime,2022-09-14,53,1
uptime,2022-09-15,52,1
uptime,2022-09-16,52,1
uptime,2022-09-17,62,1
uptime,2022-09-18,62,1
uptime,2022-09-19,49,2
uptime,2022-09-20,50,1
uptime,2022-09-21,48,1
uptime,2022-09-22,50,1
uptime,2022-09-23,50,1
uptime,2022-09-24,65,3
uptime,2022-09-25,64,2
uptime,2022-09-26,48,2
uptime,2022-09-27,42,1
uptime,2022-09-28,45,3
uptime,2022-09-29,44,2
uptime,2022-09-30,42,1
uptime,2022-10-01,52,1
uptime,2022-10-02,54,1
uptime,2022-10-03,42,1
uptime,2022-10-04,45,3
uptime,2022-10-05,41,2
uptime,2022-10-06,44,1
uptime,2022-10-07,43,1
uptime,2022-10-08,56,3
uptime,2022-10-09,57,3
uptime,2022-10-10,44,3
uptime,2022-10-11,49,5
uptime,2022-10-12,47,3
uptime,2022-10-13,45,2
uptime,2022-10-14,47,3
uptime,2022-10-15,56,3
uptime,2022-10-16,57,3
uptime,2022-10-17,44,4
uptime,2022-10-18,41,2
uptime,2022-10-19,40,2
uptime,2022-10-20,43,3
uptime,2022-10-21,46,3
uptime,2022-10-22,64,7
uptime,2022-10-23,58,4
uptime,2022-10-24,41,3
uptime,2022-10-25,41,3
uptime,2022-10-26,64,3
uptime,2022-10-27,62,3
uptime,2022-10-28,71,7
uptime,2022-10-29,73,3
uptime,2022-10-30,79,6
uptime,2022-10-31,59,2
uptime,2022-11-01,59,2
uptime,2022-11-02,64,3
uptime,2022-11-03,73,4
uptime,2022-11-04,74,3
uptime,2022-11-05,86,5
uptime,2022-11-06,80,2
uptime,2022-11-07,87,6
uptime,2022-11-08,83,5
uptime,2022-11-09,88,8
uptime,2022-11-10,88,7
uptime,2022-11-11,90,7
uptime,2022-11-12,100,5
uptime,2022-11-13,98,6
uptime,2022-11-14,89,7
uptime,2022-11-15,108,8
uptime,2022-11-16,102,5
uptime,2022-11-17,99,4
uptime,2022-11-18,99,4
uptime,2022-11-19,113,7
uptime,2022-11-20,17,4
